{"current":{"color_background":"#ffffff","color_headings":"#4c4c4c","color_text":"#4c5154","color_links":"#6289d4","color_button_background":"#6289d4","color_button_text":"#ffffff","color_header_background":"#131c2d","color_header_text":"#ffffff","color_footer_background":"#edeff3","color_footer_text":"#5c5c5c","type_body":"futura_o3","type_heading":"futura_n4","product_show_vendor":false,"product_show_sku":false,"enable_image_zoom":false,"image_zoom_level":"min","product_enable_recently_viewed_products":true,"product_option_style":"radio","product_sales_badge":true,"product_sales_badge_style":"money","product_ratings_reviews":true,"product_social_sharing":true,"product_slideshow_style":"natural","product_grid_show_second_image":true,"product_grid_emphasize_price":true,"product_grid_image_style":"natural","product_grid_quick_shop":true,"product_grid_quick_buy":true,"quickshop_show_dcb":true,"quickshop_product_cart_redirect":false,"social_default_image":"","social_facebook":"facebook.com\/gamersupplyco","social_twitter":"twitter.com\/gamersupplyco","social_google":"","social_pinterest":"","social_instagram":"instagram.com\/gamersupplyco","social_tumblr":"","social_vimeo":"","social_youtube":"youtube.com\/gamersupplyco","social_email":"shopgamersupplyco@gmail.com","favicon":"shopify:\/\/shop_images\/GAMER4.png","enable_currency_converter":true,"currency_display_format":"money_format","currency_converter_currencies":"INR GBP CAD USD AUD EUR JPY","currency_converter_default":"USD","continue_shopping_url":"shopify:\/\/collections\/all","continue_url_cart":true,"continue_url_404":true,"checkout_header_image":"","checkout_logo_image":"shopify:\/\/shop_images\/Untitled-3_f5fd4b18-4bd6-4953-9df3-b22a4ab5135b.png","checkout_logo_position":"left","checkout_logo_size":"medium","checkout_body_background_image":"","checkout_body_background_color":"#fff","checkout_input_background_color_mode":"white","checkout_sidebar_background_image":"","checkout_sidebar_background_color":"#fafafa","checkout_heading_font":"-apple-system, BlinkMacSystemFont, 'Segoe UI', Roboto, Helvetica, Arial, sans-serif, 'Apple Color Emoji', 'Segoe UI Emoji', 'Segoe UI Symbol'","checkout_body_font":"-apple-system, BlinkMacSystemFont, 'Segoe UI', Roboto, Helvetica, Arial, sans-serif, 'Apple Color Emoji', 'Segoe UI Emoji', 'Segoe UI Symbol'","checkout_accent_color":"#197bbd","checkout_button_color":"#197bbd","checkout_error_color":"#e32c2b","sections":{"static-header":{"type":"static-header","settings":{"sticky_header":true,"logo":"shopify:\/\/shop_images\/Untitled-3_29ab615b-93aa-4d2e-bfc6-36b982c004f7.png","logo_height":56,"logo_width":200,"enable_live_search":true,"enable_live_search_images":true,"enable_live_search_articles_pages":true,"quick_links":"","menu":"main-menu","show_announcement":true,"homepage_announcement":false,"announcement_text":"All Fortnite Items On Sale! Shop While Supplies Last!","announcement_text_mobile":"HUGE Fortnite Sale!","announcement_link":"shopify:\/\/collections\/fortnite","announcement_color":"#ffffff","announcement_background":"#0076de","small_promo_heading":"","small_promo_text":"","small_promo_text_mobile":"","small_promo_link":"","small_promo_icon":"none","image":""}},"static-footer":{"type":"static-footer","blocks":{"1534814041268":{"type":"menu","settings":{"menu":"main-menu"}},"static-footer-1":{"type":"menu","settings":{"menu":"footer"}},"1534814036445":{"type":"social_accounts","settings":{}},"static-footer-3":{"type":"newsletter","settings":{"title":"Subscribe","text":"<p>Join our mailing list to receive exclusive deals and discounts!<\/p>"}}},"block_order":["1534814041268","static-footer-1","1534814036445","static-footer-3"],"settings":{"payment_icons":true,"additional_menu":""}},"static-blog":{"type":"static-blog","settings":{"show_rss_link":true,"show_date":true,"show_author":false,"show_excerpt":true,"featured_post":"","posts_per_page_range":9}},"static-product":{"type":"static-product","settings":{"layout":"layout--two-col","enable_related_products":true,"enable_video_autoplay":true,"show_dcb":true,"product_cart_redirect":false}},"static-article":{"type":"static-article","settings":{"show_date":true,"show_author":false,"use_share_buttons":true}},"static-collection":{"type":"static-collection","settings":{"show_collection_image":false,"products_per_page_range":24,"sort_by":true,"show_by":true,"grid_list":true,"show_sidebar":false,"filter_style":"tags","filter_limit":"999","filter_position":"above_menus","menu_depth_range":3}},"home-promo-mosaic":{"type":"dynamic-promo-mosaic","blocks":{"1534779116820":{"type":"promotion","settings":{"image":"shopify:\/\/shop_images\/1915319045268ztbtbmzpubaegke5xrvflte23kdynsw1airmxwkogibh5wy0wlzv3fpgkd4l4lzrp3nasppuftojqqzpwj6mdenunb9fovybonw.jpg","title":"Fortnite Sale!","text":"The highest quality merchandise for the hottest game of the year, just for you! \n\nSale Ends Soon!","color":"#ffffff","block_link":"shopify:\/\/collections\/fortnite","button_text":"Shop Now","button_style":"primary","show_overlay":true,"background":"#2e2e2e","opacity":72}},"home-promo-mosaic-1":{"type":"promotion","settings":{"image":"shopify:\/\/shop_images\/Untitled-1_d61e0d94-66b0-4602-80da-7071ccd16ff2.png","title":"Listen Up.","text":"You don't need to spend a fortune to get a high quality headset, we've got you covered.","color":"#ffffff","block_link":"shopify:\/\/collections\/headsets","button_text":"Shop Headsets","button_style":"secondary","show_overlay":true,"background":"#2f3e5b","opacity":38}},"home-promo-mosaic-2":{"type":"promotion","settings":{"image":"shopify:\/\/shop_images\/UTB8t7U2tVfFXKJk43Otq6xIPFXaE_89adceef-db6c-48f1-9ae8-59337d21cbf5.jpg","title":"Upgrade Your Game.","text":"We offer gaming mice of the highest standard, at a price affordable to all.","color":"#ffffff","block_link":"shopify:\/\/collections\/gaming-mice","button_text":"Shop Mice","button_style":"primary","show_overlay":true,"background":"#383838","opacity":50}}},"block_order":["1534779116820","home-promo-mosaic-1","home-promo-mosaic-2"],"settings":{"title":"","section_height":"medium","text_alignment":"top-left","maintain_aspect_ratio":true,"compress_blocks":false}},"home-featured-collection":{"type":"dynamic-featured-collection","settings":{"title":"Today's Flash Deals","collection":"flash-deals-1","banner_color":"#ffffff","banner_image":"shopify:\/\/shop_images\/kgu.png"}},"home-promo-grid":{"type":"dynamic-promo-grid","disabled":true,"blocks":{"home-promo-grid-1":{"type":"promotion","settings":{"image":"","title":"\"We believe that enjoyable gaming experiences shouldn't break the bank\"","text":"Dotech Gaming is an online retailer committed to bringing you high quality computer gaming gear at affordable prices. We were founded on the belief that enjoyable gaming experiences shouldn’t break the bank - our goal is to change the way you think about gaming gear by offering high-quality products at a revolutionary price. Tired of big brand markups we set out to create a direct consumer business model by selling premium computer gaming gear directly to YOU - cutting out the retail markup.","color":"#4d4d4d","block_link":"","button_text":"","button_style":"primary","promo_width":"full-width","show_overlay":true,"background":"#ffffff","opacity":100}},"home-promo-grid-2":{"type":"promotion","settings":{"image":"","title":"Grid","text":"Use this section to welcome customers to your store, say a bit about your brand, or share news.","color":"#4d4d4d","block_link":"","button_text":"","button_style":"primary","promo_width":"half-width","show_overlay":false,"background":"","opacity":50}},"1535241918705":{"type":"promotion","settings":{"image":"","title":"Grid","text":"Use this section to welcome customers to your store, say a bit about your brand, or share news.","color":"#4d4d4d","block_link":"","button_text":"","button_style":"primary","promo_width":"half-width","show_overlay":false,"background":"","opacity":50}}},"block_order":["home-promo-grid-1","home-promo-grid-2","1535241918705"],"settings":{"title":"Grid","section_height":"small","text_alignment":"top-left","maintain_aspect_ratio":false,"compress_blocks":false}},"home-blog-posts":{"type":"dynamic-blog-posts","disabled":true,"settings":{"title":"Blog posts","blog":"","show_date":true,"show_author":true,"show_excerpt":true}},"home-collection-list":{"type":"dynamic-collection-list","disabled":true,"blocks":{"home-collection-list-1":{"type":"collection","settings":{"collection":"extras","image":""}},"home-collection-list-2":{"type":"collection","settings":{"collection":"apparel","image":""}},"home-collection-list-3":{"type":"collection","settings":{"collection":"","image":""}},"home-collection-list-4":{"type":"collection","settings":{"collection":"","image":""}}},"block_order":["home-collection-list-1","home-collection-list-2","home-collection-list-3","home-collection-list-4"],"settings":{"title":"Shop"}},"static-slideshow":{"type":"static-slideshow","blocks":{"static-slideshow-0":{"type":"slide","settings":{"background_image":"","title":"Slideshow","text":"Introduce customers to your shop with lifestyle and product imagery","color":"#ffffff","link":"","text_alignment":"center","button_one_label":"Button","button_one_link":"","button_one_style":"primary","button_two_label":"","button_two_link":"","button_two_style":"primary","show_overlay":true,"overlay_color":"#000000","overlay_opacity":50}},"static-slideshow-1":{"type":"slide","settings":{"background_image":"","title":"Slideshow","text":"Introduce customers to your shop with lifestyle and product imagery","color":"#ffffff","link":"","text_alignment":"center","button_one_label":"Button","button_one_link":"","button_one_style":"primary","button_two_label":"","button_two_link":"","button_two_style":"primary","show_overlay":true,"overlay_color":"#000000","overlay_opacity":50}}},"block_order":["static-slideshow-0","static-slideshow-1"],"settings":{"show_slideshow":false,"enable_autoplay":true,"autoplay_duration":8,"slideshow_height":"medium"}},"static-highlights-banners":{"type":"static-highlights-banners","blocks":{"static-highlights-banners-0":{"type":"highlight","settings":{"icon":"icon-delivery","image":"","title":"Free Shipping","text":"Anywhere In The World!","link":""}},"static-highlights-banners-1":{"type":"highlight","settings":{"icon":"icon-smile","image":"","title":"Over 2,500 Happy Customers!","text":"Thank you!","link":""}},"static-highlights-banners-2":{"type":"highlight","settings":{"icon":"icon-chat-alternate","image":"","title":"Chat With Us","text":"Contact us 24 hours a day, 7 days a week","link":""}},"static-highlights-banners-3":{"type":"highlight","settings":{"icon":"icon-lock-alternate","image":"","title":"Safe Secure Checkouts","text":"We use encrypted SSL security to ensure that your credit card information is 100% protected","link":""}}},"block_order":["static-highlights-banners-0","static-highlights-banners-1","static-highlights-banners-2","static-highlights-banners-3"],"settings":{"show_highlights_banner":true,"color":"#4d4d4d","icon_color":"#4d4d4d","background_color":"#f8f8f8"}},"static-cart":{"type":"static-cart","settings":{"enable_order_notes":false,"enable_shipping_calc":true,"shipping_calc_default_country":"United States"}},"1535240239312":{"type":"dynamic-instagram-feed","settings":{"title":"Follow Our Instagram!","access_token":"7188039455.1677ed0.42e9df637ce1454f85d30843d561076f"}},"1535240302199":{"type":"dynamic-twitter-feed","settings":{"title":"Follow Our Twitter!","username":"@gamersupplyco","retweets":true,"images":true}}},"content_for_index":["home-promo-mosaic","home-featured-collection","home-collection-list","home-promo-grid","home-blog-posts","1535240239312","1535240302199"]},"presets":{"Supply":{"color_background":"#ffffff","color_headings":"#222222","color_text":"#4d4d4d","color_links":"#1E8570","color_button_background":"#ffab41","color_button_text":"#1a390c","color_header_background":"#30656b","color_header_text":"#ffffff","color_footer_background":"#f8f8f8","color_footer_text":"#5c5c5c","type_body":"cabin_n4","type_heading":"cabin_n7","continue_shopping_url":"shopify:\/\/collections\/all","sections":{"static-header":{"type":"static-header","settings":{"announcement_background":"#29927d"}},"home-promo-mosaic":{"type":"dynamic-promo-mosaic","blocks":{"promo-mosaic-block-1":{"type":"promotion","settings":{}},"promo-mosaic-block-2":{"type":"promotion","settings":{}},"promo-mosaic-block-3":{"type":"promotion","settings":{}}},"block_order":["promo-mosaic-block-1","promo-mosaic-block-2","promo-mosaic-block-3"],"settings":{}},"home-blog-posts":{"type":"dynamic-blog-posts","settings":{}},"home-twitter-feed":{"type":"dynamic-twitter-feed","settings":{}},"home-featured-collection-1":{"type":"dynamic-featured-collection","settings":{}},"home-promo-grid":{"type":"dynamic-promo-grid","blocks":{"promo-grid-block-1":{"type":"promotion","settings":{}},"promo-grid-block-2":{"type":"promotion","settings":{}},"promo-grid-block-3":{"type":"promotion","settings":{}},"promo-grid-block-4":{"type":"promotion","settings":{}}},"block_order":["promo-grid-block-1","promo-grid-block-2","promo-grid-block-3","promo-grid-block-4"],"settings":{}},"home-featured-collection-2":{"type":"dynamic-featured-collection","settings":{"title":""}}},"content_for_index":["home-promo-mosaic","home-promo-grid","home-featured-collection-1","home-featured-collection-2","home-blog-posts","home-twitter-feed"]},"Graphic":{"color_background":"#ffffff","color_headings":"#484848","color_text":"#4d4d4d","color_links":"#e32619","color_button_background":"#e32619","color_button_text":"#ffffff","color_header_background":"#ffffff","color_header_text":"#484848","color_footer_background":"#ffffff","color_footer_text":"#686868","type_body":"lato_n4","type_heading":"futura_n7","continue_shopping_url":"shopify:\/\/collections\/all","sections":{"static-header":{"type":"static-header","settings":{"announcement_background":"#e32619"}},"static-collection":{"type":"static-collection","settings":{"filter_style":"groups","filter_limit":"5"}},"home-promo-mosaic":{"type":"dynamic-promo-mosaic","blocks":{"home-promo-mosaic-1":{"type":"promotion","settings":{}},"home-promo-mosaic-2":{"type":"promotion","settings":{}},"home-promo-mosaic-3":{"type":"promotion","settings":{}},"home-promo-mosaic-4":{"type":"promotion","settings":{}}},"block_order":["home-promo-mosaic-1","home-promo-mosaic-2","home-promo-mosaic-3","home-promo-mosaic-4"],"settings":{}},"home-promo-grid":{"type":"dynamic-promo-grid","blocks":{"home-promo-grid-1":{"type":"promotion","settings":{"promo_width":"full-width"}},"home-promo-grid-2":{"type":"promotion","settings":{}},"home-promo-grid-3":{"type":"promotion","settings":{}}},"block_order":["home-promo-grid-1","home-promo-grid-2","home-promo-grid-3"],"settings":{}},"home-featured-collection-1":{"type":"dynamic-featured-collection","settings":{}},"home-menu-list":{"type":"dynamic-menu-list","blocks":{"home-menu-list-1":{"type":"menu","settings":{}},"home-menu-list-2":{"type":"menu","settings":{}},"home-menu-list-3":{"type":"menu","settings":{}}},"block_order":["home-menu-list-1","home-menu-list-2","home-menu-list-3"],"settings":{"title":"Menu list"}},"home-blog-posts":{"type":"dynamic-blog-posts","settings":{}},"home-twitter-feed":{"type":"dynamic-twitter-feed","settings":{}},"home-instagram-feed":{"type":"dynamic-instagram-feed","settings":{}}},"content_for_index":["home-promo-mosaic","home-promo-grid","home-featured-collection-1","home-menu-list","home-blog-posts","home-instagram-feed","home-twitter-feed"]},"Industrial":{"color_background":"#ffffff","color_headings":"#4c4c4c","color_text":"#4c5154","color_links":"#0076de","color_button_background":"#0076de","color_button_text":"#ffffff","color_header_background":"#1d2236","color_header_text":"#ffffff","color_footer_background":"#edeff3","color_footer_text":"#5c5c5c","type_body":"libre_franklin_n4","type_heading":"arimo_n7","continue_shopping_url":"shopify:\/\/collections\/all","sections":{"static-header":{"type":"static-header","settings":{"announcement_background":"#0076de"}},"static-footer":{"type":"static-footer","blocks":{"static-footer-1":{"type":"menu","settings":{"menu":"footer"}},"static-footer-3":{"type":"newsletter","settings":{}}},"block_order":["static-footer-1","static-footer-3"],"settings":{"additional_menu":""}},"static-blog":{"type":"static-blog","settings":{"show_author":false}},"static-product":{"type":"static-product","settings":{"layout":"layout--three-col"}},"static-article":{"type":"static-article","settings":{"show_author":false}},"static-collection":{"type":"static-collection","settings":{"filter_style":"groups"}},"home-promo-mosaic":{"type":"dynamic-promo-mosaic","blocks":{"home-promo-mosaic-1":{"type":"promotion","settings":{}},"home-promo-mosaic-2":{"type":"promotion","settings":{}},"home-promo-mosaic-3":{"type":"promotion","settings":{}},"home-promo-mosaic-4":{"type":"promotion","settings":{}},"home-promo-mosaic-5":{"type":"promotion","settings":{}}},"block_order":["home-promo-mosaic-1","home-promo-mosaic-2","home-promo-mosaic-3","home-promo-mosaic-4","home-promo-mosaic-5"],"settings":{"section_height":"medium"}},"home-featured-collection":{"type":"dynamic-featured-collection","settings":{}},"home-promo-grid":{"type":"dynamic-promo-grid","blocks":{"home-promo-grid-1":{"type":"promotion","settings":{}},"home-promo-grid-2":{"type":"promotion","settings":{}}},"block_order":["home-promo-grid-1","home-promo-grid-2"],"settings":{}},"home-blog-posts":{"type":"dynamic-blog-posts","settings":{}},"home-collection-list":{"type":"dynamic-collection-list","blocks":{"home-collection-list-1":{"type":"collection","settings":{}},"home-collection-list-2":{"type":"collection","settings":{}},"home-collection-list-3":{"type":"collection","settings":{}},"home-collection-list-4":{"type":"collection","settings":{}}},"block_order":["home-collection-list-1","home-collection-list-2","home-collection-list-3","home-collection-list-4"],"settings":{}}},"content_for_index":["home-promo-mosaic","home-featured-collection","home-promo-grid","home-collection-list","home-blog-posts"]}}}